timestamp_seconds,timestamp,speed_kmh,vehicle_count,congestion_category,congestion_code,hour,minute,day,week,month,year
0,2021-10-27 07:00:00,30.69,46,D,3,7,0,2,43,10,2021
20,2021-10-27 07:00:20,31.54,40,D,3,7,0,2,43,10,2021
40,2021-10-27 07:00:40,31.15,19,D,3,7,0,2,43,10,2021
60,2021-10-27 07:01:00,32.34,24,D,3,7,1,2,43,10,2021
80,2021-10-27 07:01:20,32.27,22,D,3,7,1,2,43,10,2021
100,2021-10-27 07:01:40,30.62,40,D,3,7,1,2,43,10,2021
120,2021-10-27 07:02:00,31.61,34,D,3,7,2,2,43,10,2021
140,2021-10-27 07:02:20,29.42,49,D,3,7,2,2,43,10,2021
160,2021-10-27 07:02:40,30.59,34,C,2,7,2,2,43,10,2021
180,2021-10-27 07:03:00,33.53,26,D,3,7,3,2,43,10,2021
200,2021-10-27 07:03:20,32.84,24,D,3,7,3,2,43,10,2021
220,2021-10-27 07:03:40,32.07,48,D,3,7,3,2,43,10,2021
240,2021-10-27 07:04:00,32.67,48,D,3,7,4,2,43,10,2021
260,2021-10-27 07:04:20,30.35,39,D,3,7,4,2,43,10,2021
280,2021-10-27 07:04:40,32.65,26,D,3,7,4,2,43,10,2021
300,2021-10-27 07:05:00,33.9,26,D,3,7,5,2,43,10,2021
320,2021-10-27 07:05:20,29.96,29,C,2,7,5,2,43,10,2021
340,2021-10-27 07:05:40,29.62,45,C,2,7,5,2,43,10,2021
360,2021-10-27 07:06:00,30.64,36,C,2,7,6,2,43,10,2021
380,2021-10-27 07:06:20,31.0,32,D,3,7,6,2,43,10,2021
400,2021-10-27 07:06:40,32.01,34,D,3,7,6,2,43,10,2021
420,2021-10-27 07:07:00,30.25,30,C,2,7,7,2,43,10,2021
440,2021-10-27 07:07:20,34.84,35,C,2,7,7,2,43,10,2021
460,2021-10-27 07:07:40,31.39,48,D,3,7,7,2,43,10,2021
480,2021-10-27 07:08:00,30.44,41,D,3,7,8,2,43,10,2021
500,2021-10-27 07:08:20,30.09,37,C,2,7,8,2,43,10,2021
520,2021-10-27 07:08:40,32.67,30,D,3,7,8,2,43,10,2021
540,2021-10-27 07:09:00,30.96,37,D,3,7,9,2,43,10,2021
560,2021-10-27 07:09:20,30.64,41,D,3,7,9,2,43,10,2021
580,2021-10-27 07:09:40,31.32,50,D,3,7,9,2,43,10,2021
600,2021-10-27 07:10:00,30.74,35,D,3,7,10,2,43,10,2021
620,2021-10-27 07:10:20,29.99,31,C,2,7,10,2,43,10,2021
640,2021-10-27 07:10:40,32.37,28,D,3,7,10,2,43,10,2021
660,2021-10-27 07:11:00,33.35,29,D,3,7,11,2,43,10,2021
680,2021-10-27 07:11:20,33.21,36,D,3,7,11,2,43,10,2021
700,2021-10-27 07:11:40,28.49,65,D,3,7,11,2,43,10,2021
720,2021-10-27 07:12:00,28.02,38,C,2,7,12,2,43,10,2021
740,2021-10-27 07:12:20,31.79,27,D,3,7,12,2,43,10,2021
760,2021-10-27 07:12:40,35.5,27,D,3,7,12,2,43,10,2021
780,2021-10-27 07:13:00,30.45,52,D,3,7,13,2,43,10,2021
800,2021-10-27 07:13:20,31.21,44,D,3,7,13,2,43,10,2021
820,2021-10-27 07:13:40,32.36,41,D,3,7,13,2,43,10,2021
840,2021-10-27 07:14:00,29.54,35,B,1,7,14,2,43,10,2021
860,2021-10-27 07:14:20,28.44,30,C,2,7,14,2,43,10,2021
880,2021-10-27 07:14:40,31.96,32,D,3,7,14,2,43,10,2021
900,2021-10-27 07:15:00,32.16,40,D,3,7,15,2,43,10,2021
920,2021-10-27 07:15:20,29.61,45,D,3,7,15,2,43,10,2021
940,2021-10-27 07:15:40,30.53,44,D,3,7,15,2,43,10,2021
960,2021-10-27 07:16:00,29.14,40,D,3,7,16,2,43,10,2021
980,2021-10-27 07:16:20,33.87,35,C,2,7,16,2,43,10,2021
1000,2021-10-27 07:16:40,30.99,37,D,3,7,16,2,43,10,2021
1020,2021-10-27 07:17:00,32.0,40,D,3,7,17,2,43,10,2021
1040,2021-10-27 07:17:20,30.85,51,D,3,7,17,2,43,10,2021
1060,2021-10-27 07:17:40,28.7,72,C,2,7,17,2,43,10,2021
1080,2021-10-27 07:18:00,29.81,37,C,2,7,18,2,43,10,2021
1100,2021-10-27 07:18:20,31.78,31,D,3,7,18,2,43,10,2021
1120,2021-10-27 07:18:40,32.53,42,D,3,7,18,2,43,10,2021
1140,2021-10-27 07:19:00,31.34,40,D,3,7,19,2,43,10,2021
1160,2021-10-27 07:19:20,31.4,35,D,3,7,19,2,43,10,2021
1180,2021-10-27 07:19:40,30.73,60,D,3,7,19,2,43,10,2021
1200,2021-10-27 07:20:00,29.63,41,C,2,7,20,2,43,10,2021
1220,2021-10-27 07:20:20,31.32,33,D,3,7,20,2,43,10,2021
1240,2021-10-27 07:20:40,31.6,36,D,3,7,20,2,43,10,2021
1260,2021-10-27 07:21:00,29.68,42,D,3,7,21,2,43,10,2021
1280,2021-10-27 07:21:20,30.46,39,D,3,7,21,2,43,10,2021
1300,2021-10-27 07:21:40,30.63,61,C,2,7,21,2,43,10,2021
1320,2021-10-27 07:22:00,29.62,48,D,3,7,22,2,43,10,2021
1340,2021-10-27 07:22:20,28.61,38,D,3,7,22,2,43,10,2021
1360,2021-10-27 07:22:40,35.64,30,D,3,7,22,2,43,10,2021
1380,2021-10-27 07:23:00,32.14,33,D,3,7,23,2,43,10,2021
1400,2021-10-27 07:23:20,31.07,44,D,3,7,23,2,43,10,2021
1420,2021-10-27 07:23:40,29.67,72,C,2,7,23,2,43,10,2021
1440,2021-10-27 07:24:00,31.64,43,D,3,7,24,2,43,10,2021
1460,2021-10-27 07:24:20,31.94,38,D,3,7,24,2,43,10,2021
1480,2021-10-27 07:24:40,31.85,42,D,3,7,24,2,43,10,2021
1500,2021-10-27 07:25:00,31.82,58,C,2,7,25,2,43,10,2021
1520,2021-10-27 07:25:20,30.31,47,C,2,7,25,2,43,10,2021
1540,2021-10-27 07:25:40,28.17,58,C,2,7,25,2,43,10,2021
1560,2021-10-27 07:26:00,30.13,50,D,3,7,26,2,43,10,2021
1580,2021-10-27 07:26:20,33.14,27,D,3,7,26,2,43,10,2021
1600,2021-10-27 07:26:40,32.66,47,D,3,7,26,2,43,10,2021
1620,2021-10-27 07:27:00,30.58,51,D,3,7,27,2,43,10,2021
1640,2021-10-27 07:27:20,31.35,47,D,3,7,27,2,43,10,2021
1660,2021-10-27 07:27:40,30.31,61,D,3,7,27,2,43,10,2021
1680,2021-10-27 07:28:00,29.85,32,D,3,7,28,2,43,10,2021
1700,2021-10-27 07:28:20,31.93,38,D,3,7,28,2,43,10,2021
1720,2021-10-27 07:28:40,33.86,37,D,3,7,28,2,43,10,2021
1740,2021-10-27 07:29:00,27.49,64,B,1,7,29,2,43,10,2021
1760,2021-10-27 07:29:20,29.97,34,D,3,7,29,2,43,10,2021
1780,2021-10-27 07:29:40,27.18,36,B,1,7,29,2,43,10,2021
1800,2021-10-27 07:30:00,38.15,22,D,3,7,30,2,43,10,2021
1820,2021-10-27 07:30:20,39.03,35,D,3,7,30,2,43,10,2021
1840,2021-10-27 07:30:40,39.36,60,E,4,7,30,2,43,10,2021
1860,2021-10-27 07:31:00,37.24,64,D,3,7,31,2,43,10,2021
1880,2021-10-27 07:31:20,36.36,49,D,3,7,31,2,43,10,2021
1900,2021-10-27 07:31:40,37.52,53,D,3,7,31,2,43,10,2021
1920,2021-10-27 07:32:00,36.1,41,D,3,7,32,2,43,10,2021
1940,2021-10-27 07:32:20,40.18,43,D,3,7,32,2,43,10,2021
1960,2021-10-27 07:32:40,39.67,62,E,4,7,32,2,43,10,2021
1980,2021-10-27 07:33:00,35.51,60,D,3,7,33,2,43,10,2021
2000,2021-10-27 07:33:20,36.38,42,D,3,7,33,2,43,10,2021
2020,2021-10-27 07:33:40,38.78,17,D,3,7,33,2,43,10,2021
2040,2021-10-27 07:34:00,42.44,22,E,4,7,34,2,43,10,2021
2060,2021-10-27 07:34:20,37.21,49,E,4,7,34,2,43,10,2021
2080,2021-10-27 07:34:40,36.66,75,D,3,7,34,2,43,10,2021
2100,2021-10-27 07:35:00,33.28,65,D,3,7,35,2,43,10,2021
2120,2021-10-27 07:35:20,34.69,51,D,3,7,35,2,43,10,2021
2140,2021-10-27 07:35:40,38.93,44,E,4,7,35,2,43,10,2021
2160,2021-10-27 07:36:00,41.04,57,E,4,7,36,2,43,10,2021
2180,2021-10-27 07:36:20,35.05,54,D,3,7,36,2,43,10,2021
2200,2021-10-27 07:36:40,37.43,52,D,3,7,36,2,43,10,2021
2220,2021-10-27 07:37:00,32.75,66,D,3,7,37,2,43,10,2021
2240,2021-10-27 07:37:20,34.51,57,D,3,7,37,2,43,10,2021
2260,2021-10-27 07:37:40,37.26,47,D,3,7,37,2,43,10,2021
2280,2021-10-27 07:38:00,37.52,52,D,3,7,38,2,43,10,2021
2300,2021-10-27 07:38:20,38.21,60,D,3,7,38,2,43,10,2021
2320,2021-10-27 07:38:40,33.44,80,C,2,7,38,2,43,10,2021
2340,2021-10-27 07:39:00,34.78,58,D,3,7,39,2,43,10,2021
2360,2021-10-27 07:39:20,38.01,64,D,3,7,39,2,43,10,2021
2380,2021-10-27 07:39:40,40.38,39,D,3,7,39,2,43,10,2021
2400,2021-10-27 07:40:00,37.32,61,D,3,7,40,2,43,10,2021
2420,2021-10-27 07:40:20,34.71,69,D,3,7,40,2,43,10,2021
2440,2021-10-27 07:40:40,37.36,69,D,3,7,40,2,43,10,2021
2460,2021-10-27 07:41:00,35.1,67,D,3,7,41,2,43,10,2021
2480,2021-10-27 07:41:20,32.44,64,D,3,7,41,2,43,10,2021
2500,2021-10-27 07:41:40,34.47,77,D,3,7,41,2,43,10,2021
2520,2021-10-27 07:42:00,39.47,53,D,3,7,42,2,43,10,2021
2540,2021-10-27 07:42:20,35.55,60,D,3,7,42,2,43,10,2021
2560,2021-10-27 07:42:40,37.45,49,D,3,7,42,2,43,10,2021
2580,2021-10-27 07:43:00,38.48,54,D,3,7,43,2,43,10,2021
2600,2021-10-27 07:43:20,33.45,58,D,3,7,43,2,43,10,2021
2620,2021-10-27 07:43:40,35.29,52,D,3,7,43,2,43,10,2021
2640,2021-10-27 07:44:00,39.94,52,D,3,7,44,2,43,10,2021
2660,2021-10-27 07:44:20,39.97,63,E,4,7,44,2,43,10,2021
2680,2021-10-27 07:44:40,38.09,55,D,3,7,44,2,43,10,2021
2700,2021-10-27 07:45:00,37.2,63,D,3,7,45,2,43,10,2021
2720,2021-10-27 07:45:20,34.89,74,D,3,7,45,2,43,10,2021
2740,2021-10-27 07:45:40,36.03,51,D,3,7,45,2,43,10,2021
2760,2021-10-27 07:46:00,35.44,56,E,4,7,46,2,43,10,2021
2780,2021-10-27 07:46:20,36.95,69,D,3,7,46,2,43,10,2021
2800,2021-10-27 07:46:40,35.18,52,D,3,7,46,2,43,10,2021
2820,2021-10-27 07:47:00,36.77,50,D,3,7,47,2,43,10,2021
2840,2021-10-27 07:47:20,38.13,45,D,3,7,47,2,43,10,2021
2860,2021-10-27 07:47:40,32.4,45,D,3,7,47,2,43,10,2021
2880,2021-10-27 07:48:00,36.77,60,D,3,7,48,2,43,10,2021
2900,2021-10-27 07:48:20,32.02,69,D,3,7,48,2,43,10,2021
2920,2021-10-27 07:48:40,36.85,48,D,3,7,48,2,43,10,2021
2940,2021-10-27 07:49:00,34.96,40,D,3,7,49,2,43,10,2021
2960,2021-10-27 07:49:20,37.13,48,D,3,7,49,2,43,10,2021
2980,2021-10-27 07:49:40,34.4,57,D,3,7,49,2,43,10,2021
3000,2021-10-27 07:50:00,36.69,76,D,3,7,50,2,43,10,2021
3020,2021-10-27 07:50:20,35.66,64,D,3,7,50,2,43,10,2021
3040,2021-10-27 07:50:40,36.95,61,D,3,7,50,2,43,10,2021
3060,2021-10-27 07:51:00,37.88,35,D,3,7,51,2,43,10,2021
3080,2021-10-27 07:51:20,35.42,56,D,3,7,51,2,43,10,2021
3100,2021-10-27 07:51:40,39.36,53,D,3,7,51,2,43,10,2021
3120,2021-10-27 07:52:00,37.84,51,D,3,7,52,2,43,10,2021
3140,2021-10-27 07:52:20,35.73,54,D,3,7,52,2,43,10,2021
3160,2021-10-27 07:52:40,35.48,53,D,3,7,52,2,43,10,2021
3180,2021-10-27 07:53:00,31.9,48,D,3,7,53,2,43,10,2021
3200,2021-10-27 07:53:20,38.58,48,D,3,7,53,2,43,10,2021
3220,2021-10-27 07:53:40,40.42,40,D,3,7,53,2,43,10,2021
3240,2021-10-27 07:54:00,37.73,57,D,3,7,54,2,43,10,2021
3260,2021-10-27 07:54:20,35.55,57,D,3,7,54,2,43,10,2021
3280,2021-10-27 07:54:40,36.52,33,D,3,7,54,2,43,10,2021
3300,2021-10-27 07:55:00,39.09,52,E,4,7,55,2,43,10,2021
3320,2021-10-27 07:55:20,43.29,44,E,4,7,55,2,43,10,2021
3340,2021-10-27 07:55:40,45.16,41,E,4,7,55,2,43,10,2021
3360,2021-10-27 07:56:00,36.09,68,D,3,7,56,2,43,10,2021
3380,2021-10-27 07:56:20,37.27,67,D,3,7,56,2,43,10,2021
3400,2021-10-27 07:56:40,34.88,58,D,3,7,56,2,43,10,2021
3420,2021-10-27 07:57:00,33.49,69,D,3,7,57,2,43,10,2021
3440,2021-10-27 07:57:20,38.97,53,D,3,7,57,2,43,10,2021
3460,2021-10-27 07:57:40,42.71,54,E,4,7,57,2,43,10,2021
3480,2021-10-27 07:58:00,37.96,61,D,3,7,58,2,43,10,2021
3500,2021-10-27 07:58:20,39.71,66,E,4,7,58,2,43,10,2021
3520,2021-10-27 07:58:40,35.15,49,D,3,7,58,2,43,10,2021
3540,2021-10-27 07:59:00,40.31,42,E,4,7,59,2,43,10,2021
3560,2021-10-27 07:59:20,40.76,42,E,4,7,59,2,43,10,2021
3580,2021-10-27 07:59:40,40.27,53,E,4,7,59,2,43,10,2021
3600,2021-10-27 08:00:00,39.79,60,D,3,8,0,2,43,10,2021
3620,2021-10-27 08:00:20,36.84,70,E,4,8,0,2,43,10,2021
3640,2021-10-27 08:00:40,36.49,51,D,3,8,0,2,43,10,2021
3660,2021-10-27 08:01:00,41.23,45,D,3,8,1,2,43,10,2021
3680,2021-10-27 08:01:20,43.03,38,E,4,8,1,2,43,10,2021
3700,2021-10-27 08:01:40,38.12,71,D,3,8,1,2,43,10,2021
3720,2021-10-27 08:02:00,41.18,56,E,4,8,2,2,43,10,2021
3740,2021-10-27 08:02:20,39.42,51,D,3,8,2,2,43,10,2021
3760,2021-10-27 08:02:40,36.51,40,E,4,8,2,2,43,10,2021
3780,2021-10-27 08:03:00,35.64,37,D,3,8,3,2,43,10,2021
3800,2021-10-27 08:03:20,37.76,50,D,3,8,3,2,43,10,2021
3820,2021-10-27 08:03:40,36.9,56,D,3,8,3,2,43,10,2021
3840,2021-10-27 08:04:00,33.55,54,C,2,8,4,2,43,10,2021
3860,2021-10-27 08:04:20,39.22,40,E,4,8,4,2,43,10,2021
3880,2021-10-27 08:04:40,35.56,30,D,3,8,4,2,43,10,2021
3900,2021-10-27 08:05:00,37.63,49,D,3,8,5,2,43,10,2021
3920,2021-10-27 08:05:20,37.53,52,D,3,8,5,2,43,10,2021
3940,2021-10-27 08:05:40,33.95,61,D,3,8,5,2,43,10,2021
3960,2021-10-27 08:06:00,32.58,57,C,2,8,6,2,43,10,2021
3980,2021-10-27 08:06:20,38.34,46,E,4,8,6,2,43,10,2021
4000,2021-10-27 08:06:40,35.42,45,D,3,8,6,2,43,10,2021
4020,2021-10-27 08:07:00,38.19,45,D,3,8,7,2,43,10,2021
4040,2021-10-27 08:07:20,34.98,50,D,3,8,7,2,43,10,2021
4060,2021-10-27 08:07:40,31.2,78,D,3,8,7,2,43,10,2021
4080,2021-10-27 08:08:00,33.15,73,D,3,8,8,2,43,10,2021
4100,2021-10-27 08:08:20,32.27,46,D,3,8,8,2,43,10,2021
4120,2021-10-27 08:08:40,37.86,28,D,3,8,8,2,43,10,2021
4140,2021-10-27 08:09:00,39.99,40,D,3,8,9,2,43,10,2021
4160,2021-10-27 08:09:20,33.79,69,D,3,8,9,2,43,10,2021
4180,2021-10-27 08:09:40,36.19,58,D,3,8,9,2,43,10,2021
4200,2021-10-27 08:10:00,36.93,48,D,3,8,10,2,43,10,2021
4220,2021-10-27 08:10:20,36.92,28,D,3,8,10,2,43,10,2021
4240,2021-10-27 08:10:40,37.64,38,D,3,8,10,2,43,10,2021
4260,2021-10-27 08:11:00,35.29,54,D,3,8,11,2,43,10,2021
4280,2021-10-27 08:11:20,36.98,53,D,3,8,11,2,43,10,2021
4300,2021-10-27 08:11:40,32.7,67,D,3,8,11,2,43,10,2021
4320,2021-10-27 08:12:00,32.96,64,D,3,8,12,2,43,10,2021
4340,2021-10-27 08:12:20,35.22,30,D,3,8,12,2,43,10,2021
4360,2021-10-27 08:12:40,36.6,52,D,3,8,12,2,43,10,2021
4380,2021-10-27 08:13:00,35.71,50,D,3,8,13,2,43,10,2021
4400,2021-10-27 08:13:20,32.26,65,D,3,8,13,2,43,10,2021
4420,2021-10-27 08:13:40,33.35,53,D,3,8,13,2,43,10,2021
4440,2021-10-27 08:14:00,35.27,41,D,3,8,14,2,43,10,2021
4460,2021-10-27 08:14:20,39.14,43,D,3,8,14,2,43,10,2021
4480,2021-10-27 08:14:40,38.6,33,D,3,8,14,2,43,10,2021
4500,2021-10-27 08:15:00,38.29,36,E,4,8,15,2,43,10,2021
4520,2021-10-27 08:15:20,36.25,61,D,3,8,15,2,43,10,2021
4540,2021-10-27 08:15:40,35.43,58,E,4,8,15,2,43,10,2021
4560,2021-10-27 08:16:00,35.73,46,D,3,8,16,2,43,10,2021
4580,2021-10-27 08:16:20,36.06,56,D,3,8,16,2,43,10,2021
4600,2021-10-27 08:16:40,35.98,68,D,3,8,16,2,43,10,2021
4620,2021-10-27 08:17:00,38.72,48,D,3,8,17,2,43,10,2021
4640,2021-10-27 08:17:20,34.49,57,D,3,8,17,2,43,10,2021
4660,2021-10-27 08:17:40,36.09,58,D,3,8,17,2,43,10,2021
4680,2021-10-27 08:18:00,37.55,38,E,4,8,18,2,43,10,2021
4700,2021-10-27 08:18:20,36.4,49,D,3,8,18,2,43,10,2021
4720,2021-10-27 08:18:40,34.17,54,D,3,8,18,2,43,10,2021
4740,2021-10-27 08:19:00,37.59,48,D,3,8,19,2,43,10,2021
4760,2021-10-27 08:19:20,38.59,47,D,3,8,19,2,43,10,2021
4780,2021-10-27 08:19:40,35.52,60,D,3,8,19,2,43,10,2021
4800,2021-10-27 08:20:00,34.2,47,D,3,8,20,2,43,10,2021
4820,2021-10-27 08:20:20,35.22,49,D,3,8,20,2,43,10,2021
4840,2021-10-27 08:20:40,37.0,44,D,3,8,20,2,43,10,2021
4860,2021-10-27 08:21:00,38.03,59,D,3,8,21,2,43,10,2021
4880,2021-10-27 08:21:20,36.3,62,D,3,8,21,2,43,10,2021
4900,2021-10-27 08:21:40,31.68,72,C,2,8,21,2,43,10,2021
4920,2021-10-27 08:22:00,33.46,36,D,3,8,22,2,43,10,2021
4940,2021-10-27 08:22:20,38.84,34,E,4,8,22,2,43,10,2021
4960,2021-10-27 08:22:40,41.68,38,D,3,8,22,2,43,10,2021
4980,2021-10-27 08:23:00,36.75,68,D,3,8,23,2,43,10,2021
5000,2021-10-27 08:23:20,34.62,55,D,3,8,23,2,43,10,2021
5020,2021-10-27 08:23:40,34.42,52,D,3,8,23,2,43,10,2021
5040,2021-10-27 08:24:00,34.91,50,D,3,8,24,2,43,10,2021
5060,2021-10-27 08:24:20,38.15,27,D,3,8,24,2,43,10,2021
5080,2021-10-27 08:24:40,41.27,36,E,4,8,24,2,43,10,2021
5100,2021-10-27 08:25:00,35.55,60,E,4,8,25,2,43,10,2021
5120,2021-10-27 08:25:20,32.76,68,D,3,8,25,2,43,10,2021
5140,2021-10-27 08:25:40,33.39,47,D,3,8,25,2,43,10,2021
5160,2021-10-27 08:26:00,34.32,38,D,3,8,26,2,43,10,2021
5180,2021-10-27 08:26:20,35.97,33,D,3,8,26,2,43,10,2021
5200,2021-10-27 08:26:40,36.51,54,D,3,8,26,2,43,10,2021
5220,2021-10-27 08:27:00,34.23,64,D,3,8,27,2,43,10,2021
5240,2021-10-27 08:27:20,33.87,57,D,3,8,27,2,43,10,2021
5260,2021-10-27 08:27:40,34.28,53,D,3,8,27,2,43,10,2021
5280,2021-10-27 08:28:00,36.82,33,D,3,8,28,2,43,10,2021
5300,2021-10-27 08:28:20,38.87,33,D,3,8,28,2,43,10,2021
5320,2021-10-27 08:28:40,37.22,61,D,3,8,28,2,43,10,2021
5340,2021-10-27 08:29:00,33.23,69,D,3,8,29,2,43,10,2021
5360,2021-10-27 08:29:20,36.27,49,D,3,8,29,2,43,10,2021
5380,2021-10-27 08:29:40,37.31,27,D,3,8,29,2,43,10,2021
5400,2021-10-27 08:30:00,38.84,40,D,3,8,30,2,43,10,2021
5420,2021-10-27 08:30:20,40.31,42,E,4,8,30,2,43,10,2021
5440,2021-10-27 08:30:40,36.88,48,D,3,8,30,2,43,10,2021
5460,2021-10-27 08:31:00,35.5,12,E,4,8,31,2,43,10,2021
5480,2021-10-27 08:31:20,36.34,28,D,3,8,31,2,43,10,2021
5500,2021-10-27 08:31:40,34.93,31,D,3,8,31,2,43,10,2021
5520,2021-10-27 08:32:00,37.52,34,D,3,8,32,2,43,10,2021
5540,2021-10-27 08:32:20,39.13,46,D,3,8,32,2,43,10,2021
5560,2021-10-27 08:32:40,35.9,61,D,3,8,32,2,43,10,2021
5580,2021-10-27 08:33:00,30.91,51,C,2,8,33,2,43,10,2021
5600,2021-10-27 08:33:20,35.01,58,D,3,8,33,2,43,10,2021
5620,2021-10-27 08:33:40,35.15,43,D,3,8,33,2,43,10,2021
5640,2021-10-27 08:34:00,38.0,33,D,3,8,34,2,43,10,2021
5660,2021-10-27 08:34:20,36.01,54,D,3,8,34,2,43,10,2021
5680,2021-10-27 08:34:40,36.26,41,D,3,8,34,2,43,10,2021
5700,2021-10-27 08:35:00,35.95,42,D,3,8,35,2,43,10,2021
5720,2021-10-27 08:35:20,34.73,43,D,3,8,35,2,43,10,2021
5740,2021-10-27 08:35:40,33.37,38,D,3,8,35,2,43,10,2021
5760,2021-10-27 08:36:00,36.92,43,D,3,8,36,2,43,10,2021
5780,2021-10-27 08:36:20,36.35,38,D,3,8,36,2,43,10,2021
5800,2021-10-27 08:36:40,36.91,50,D,3,8,36,2,43,10,2021
5820,2021-10-27 08:37:00,35.21,39,D,3,8,37,2,43,10,2021
5840,2021-10-27 08:37:20,33.41,47,D,3,8,37,2,43,10,2021
5860,2021-10-27 08:37:40,34.55,44,D,3,8,37,2,43,10,2021
5880,2021-10-27 08:38:00,39.69,36,D,3,8,38,2,43,10,2021
5900,2021-10-27 08:38:20,35.64,50,D,3,8,38,2,43,10,2021
5920,2021-10-27 08:38:40,35.2,54,D,3,8,38,2,43,10,2021
5940,2021-10-27 08:39:00,33.29,49,D,3,8,39,2,43,10,2021
5960,2021-10-27 08:39:20,31.65,38,D,3,8,39,2,43,10,2021
5980,2021-10-27 08:39:40,37.54,20,E,4,8,39,2,43,10,2021
6000,2021-10-27 08:40:00,38.48,31,D,3,8,40,2,43,10,2021
6020,2021-10-27 08:40:20,35.02,60,D,3,8,40,2,43,10,2021
6040,2021-10-27 08:40:40,35.69,51,D,3,8,40,2,43,10,2021
6060,2021-10-27 08:41:00,34.56,59,D,3,8,41,2,43,10,2021
6080,2021-10-27 08:41:20,35.37,37,D,3,8,41,2,43,10,2021
6100,2021-10-27 08:41:40,34.02,36,D,3,8,41,2,43,10,2021
6120,2021-10-27 08:42:00,33.93,9,E,4,8,42,2,43,10,2021
6140,2021-10-27 08:42:20,29.81,28,D,3,8,42,2,43,10,2021
6160,2021-10-27 08:42:40,21.08,48,B,1,8,42,2,43,10,2021
6180,2021-10-27 08:43:00,26.53,36,B,1,8,43,2,43,10,2021
6200,2021-10-27 08:43:20,30.49,41,D,3,8,43,2,43,10,2021
6220,2021-10-27 08:43:40,30.95,36,D,3,8,43,2,43,10,2021
6240,2021-10-27 08:44:00,32.52,41,D,3,8,44,2,43,10,2021
6260,2021-10-27 08:44:20,30.83,45,D,3,8,44,2,43,10,2021
6280,2021-10-27 08:44:40,30.87,46,D,3,8,44,2,43,10,2021
6300,2021-10-27 08:45:00,29.99,19,D,3,8,45,2,43,10,2021
6320,2021-10-27 08:45:20,31.22,37,D,3,8,45,2,43,10,2021
6340,2021-10-27 08:45:40,30.76,46,D,3,8,45,2,43,10,2021
6360,2021-10-27 08:46:00,31.07,50,D,3,8,46,2,43,10,2021
6380,2021-10-27 08:46:20,29.87,39,D,3,8,46,2,43,10,2021
6400,2021-10-27 08:46:40,30.1,31,C,2,8,46,2,43,10,2021
6420,2021-10-27 08:47:00,27.96,28,D,3,8,47,2,43,10,2021
6440,2021-10-27 08:47:20,32.16,28,D,3,8,47,2,43,10,2021
6460,2021-10-27 08:47:40,32.63,49,D,3,8,47,2,43,10,2021
6480,2021-10-27 08:48:00,28.38,56,C,2,8,48,2,43,10,2021
6500,2021-10-27 08:48:20,27.25,67,C,2,8,48,2,43,10,2021
6520,2021-10-27 08:48:40,27.29,43,C,2,8,48,2,43,10,2021
6540,2021-10-27 08:49:00,27.36,22,C,2,8,49,2,43,10,2021
6560,2021-10-27 08:49:20,30.41,38,C,2,8,49,2,43,10,2021
6580,2021-10-27 08:49:40,31.67,38,D,3,8,49,2,43,10,2021
6600,2021-10-27 08:50:00,31.17,49,D,3,8,50,2,43,10,2021
6620,2021-10-27 08:50:20,27.75,55,C,2,8,50,2,43,10,2021
6640,2021-10-27 08:50:40,28.59,43,C,2,8,50,2,43,10,2021
6660,2021-10-27 08:51:00,30.07,36,D,3,8,51,2,43,10,2021
6680,2021-10-27 08:51:20,32.06,34,D,3,8,51,2,43,10,2021
6700,2021-10-27 08:51:40,31.55,45,D,3,8,51,2,43,10,2021
6720,2021-10-27 08:52:00,31.0,44,D,3,8,52,2,43,10,2021
6740,2021-10-27 08:52:20,29.62,55,D,3,8,52,2,43,10,2021
6760,2021-10-27 08:52:40,29.11,40,C,2,8,52,2,43,10,2021
6780,2021-10-27 08:53:00,31.3,38,D,3,8,53,2,43,10,2021
6800,2021-10-27 08:53:20,31.13,41,D,3,8,53,2,43,10,2021
6820,2021-10-27 08:53:40,27.96,40,C,2,8,53,2,43,10,2021
6840,2021-10-27 08:54:00,30.88,52,D,3,8,54,2,43,10,2021
6860,2021-10-27 08:54:20,27.7,58,D,3,8,54,2,43,10,2021
6880,2021-10-27 08:54:40,28.13,42,D,3,8,54,2,43,10,2021
6900,2021-10-27 08:55:00,30.45,32,C,2,8,55,2,43,10,2021
6920,2021-10-27 08:55:20,33.25,26,D,3,8,55,2,43,10,2021
6940,2021-10-27 08:55:40,30.66,34,D,3,8,55,2,43,10,2021
6960,2021-10-27 08:56:00,29.73,52,C,2,8,56,2,43,10,2021
6980,2021-10-27 08:56:20,29.5,39,D,3,8,56,2,43,10,2021
7000,2021-10-27 08:56:40,30.33,36,D,3,8,56,2,43,10,2021
7020,2021-10-27 08:57:00,27.75,33,D,3,8,57,2,43,10,2021
7040,2021-10-27 08:57:20,30.94,38,D,3,8,57,2,43,10,2021
7060,2021-10-27 08:57:40,31.7,46,D,3,8,57,2,43,10,2021
7080,2021-10-27 08:58:00,30.18,42,D,3,8,58,2,43,10,2021
7100,2021-10-27 08:58:20,28.43,46,C,2,8,58,2,43,10,2021
7120,2021-10-27 08:58:40,30.43,32,D,3,8,58,2,43,10,2021
7140,2021-10-27 08:59:00,31.12,41,D,3,8,59,2,43,10,2021
7160,2021-10-27 08:59:20,31.15,44,D,3,8,59,2,43,10,2021
7180,2021-10-27 08:59:40,30.81,47,D,3,8,59,2,43,10,2021
7200,2021-10-27 09:00:00,28.35,44,C,2,9,0,2,43,10,2021
7220,2021-10-27 09:00:20,30.6,33,D,3,9,0,2,43,10,2021
7240,2021-10-27 09:00:40,30.28,20,C,2,9,0,2,43,10,2021
7260,2021-10-27 09:01:00,30.92,30,C,2,9,1,2,43,10,2021
7280,2021-10-27 09:01:20,31.47,42,D,3,9,1,2,43,10,2021
7300,2021-10-27 09:01:40,29.36,48,C,2,9,1,2,43,10,2021
7320,2021-10-27 09:02:00,28.8,38,C,2,9,2,2,43,10,2021
7340,2021-10-27 09:02:20,28.85,24,D,3,9,2,2,43,10,2021
7360,2021-10-27 09:02:40,31.09,33,D,3,9,2,2,43,10,2021
7380,2021-10-27 09:03:00,29.75,37,C,2,9,3,2,43,10,2021
7400,2021-10-27 09:03:20,31.41,37,D,3,9,3,2,43,10,2021
7420,2021-10-27 09:03:40,29.63,41,D,3,9,3,2,43,10,2021
7440,2021-10-27 09:04:00,27.45,53,B,1,9,4,2,43,10,2021
7460,2021-10-27 09:04:20,25.39,34,B,1,9,4,2,43,10,2021
7480,2021-10-27 09:04:40,27.81,33,C,2,9,4,2,43,10,2021
7500,2021-10-27 09:05:00,31.13,37,D,3,9,5,2,43,10,2021
7520,2021-10-27 09:05:20,31.14,42,D,3,9,5,2,43,10,2021
7540,2021-10-27 09:05:40,27.26,51,C,2,9,5,2,43,10,2021
7560,2021-10-27 09:06:00,28.52,41,D,3,9,6,2,43,10,2021
7580,2021-10-27 09:06:20,29.05,25,D,3,9,6,2,43,10,2021
7600,2021-10-27 09:06:40,31.34,30,C,2,9,6,2,43,10,2021
7620,2021-10-27 09:07:00,31.55,45,D,3,9,7,2,43,10,2021
7640,2021-10-27 09:07:20,29.93,44,D,3,9,7,2,43,10,2021
7660,2021-10-27 09:07:40,28.57,44,C,2,9,7,2,43,10,2021
7680,2021-10-27 09:08:00,28.16,36,D,3,9,8,2,43,10,2021
7700,2021-10-27 09:08:20,29.48,37,D,3,9,8,2,43,10,2021
7720,2021-10-27 09:08:40,30.12,34,C,2,9,8,2,43,10,2021
7740,2021-10-27 09:09:00,29.76,38,D,3,9,9,2,43,10,2021
7760,2021-10-27 09:09:20,30.27,45,D,3,9,9,2,43,10,2021
7780,2021-10-27 09:09:40,27.08,36,B,1,9,9,2,43,10,2021
7800,2021-10-27 09:10:00,28.47,49,D,3,9,10,2,43,10,2021
7820,2021-10-27 09:10:20,30.91,23,D,3,9,10,2,43,10,2021
7840,2021-10-27 09:10:40,29.07,34,D,3,9,10,2,43,10,2021
7860,2021-10-27 09:11:00,29.68,35,D,3,9,11,2,43,10,2021
7880,2021-10-27 09:11:20,26.92,38,C,2,9,11,2,43,10,2021
7900,2021-10-27 09:11:40,28.97,39,D,3,9,11,2,43,10,2021
7920,2021-10-27 09:12:00,28.57,46,C,2,9,12,2,43,10,2021
7940,2021-10-27 09:12:20,30.31,30,D,3,9,12,2,43,10,2021
7960,2021-10-27 09:12:40,33.39,26,D,3,9,12,2,43,10,2021
7980,2021-10-27 09:13:00,31.09,37,D,3,9,13,2,43,10,2021
8000,2021-10-27 09:13:20,29.95,50,C,2,9,13,2,43,10,2021
8020,2021-10-27 09:13:40,27.82,54,C,2,9,13,2,43,10,2021
8040,2021-10-27 09:14:00,25.95,46,C,2,9,14,2,43,10,2021
8060,2021-10-27 09:14:20,30.59,30,D,3,9,14,2,43,10,2021
8080,2021-10-27 09:14:40,31.18,35,D,3,9,14,2,43,10,2021
8100,2021-10-27 09:15:00,29.21,37,D,3,9,15,2,43,10,2021
8120,2021-10-27 09:15:20,29.86,39,C,2,9,15,2,43,10,2021
8140,2021-10-27 09:15:40,27.47,27,C,2,9,15,2,43,10,2021
8160,2021-10-27 09:16:00,27.9,30,C,2,9,16,2,43,10,2021
8180,2021-10-27 09:16:20,29.8,34,D,3,9,16,2,43,10,2021
8200,2021-10-27 09:16:40,31.53,33,D,3,9,16,2,43,10,2021
8220,2021-10-27 09:17:00,30.87,30,D,3,9,17,2,43,10,2021
8240,2021-10-27 09:17:20,28.22,43,C,2,9,17,2,43,10,2021
8260,2021-10-27 09:17:40,27.75,30,C,2,9,17,2,43,10,2021
8280,2021-10-27 09:18:00,29.03,42,C,2,9,18,2,43,10,2021
8300,2021-10-27 09:18:20,30.14,30,D,3,9,18,2,43,10,2021
8320,2021-10-27 09:18:40,31.68,29,D,3,9,18,2,43,10,2021
8340,2021-10-27 09:19:00,29.25,44,C,2,9,19,2,43,10,2021
8360,2021-10-27 09:19:20,29.03,49,C,2,9,19,2,43,10,2021
8380,2021-10-27 09:19:40,29.06,42,C,2,9,19,2,43,10,2021
8400,2021-10-27 09:20:00,28.89,35,D,3,9,20,2,43,10,2021
8420,2021-10-27 09:20:20,30.35,29,D,3,9,20,2,43,10,2021
8440,2021-10-27 09:20:40,30.92,39,D,3,9,20,2,43,10,2021
8460,2021-10-27 09:21:00,29.29,47,C,2,9,21,2,43,10,2021
8480,2021-10-27 09:21:20,25.89,40,B,1,9,21,2,43,10,2021
8500,2021-10-27 09:21:40,27.68,44,D,3,9,21,2,43,10,2021
8520,2021-10-27 09:22:00,31.24,24,D,3,9,22,2,43,10,2021
8540,2021-10-27 09:22:20,31.4,26,D,3,9,22,2,43,10,2021
8560,2021-10-27 09:22:40,30.23,35,D,3,9,22,2,43,10,2021
8580,2021-10-27 09:23:00,29.75,36,C,2,9,23,2,43,10,2021
8600,2021-10-27 09:23:20,26.74,44,C,2,9,23,2,43,10,2021
8620,2021-10-27 09:23:40,26.53,31,C,2,9,23,2,43,10,2021
8640,2021-10-27 09:24:00,30.67,28,D,3,9,24,2,43,10,2021
8660,2021-10-27 09:24:20,33.47,30,D,3,9,24,2,43,10,2021
8680,2021-10-27 09:24:40,31.68,39,D,3,9,24,2,43,10,2021
8700,2021-10-27 09:25:00,29.61,51,D,3,9,25,2,43,10,2021
8720,2021-10-27 09:25:20,29.85,40,D,3,9,25,2,43,10,2021
8740,2021-10-27 09:25:40,28.36,33,C,2,9,25,2,43,10,2021
8760,2021-10-27 09:26:00,32.45,22,D,3,9,26,2,43,10,2021
8780,2021-10-27 09:26:20,32.66,32,D,3,9,26,2,43,10,2021
8800,2021-10-27 09:26:40,30.59,33,C,2,9,26,2,43,10,2021
8820,2021-10-27 09:27:00,28.55,49,C,2,9,27,2,43,10,2021
8840,2021-10-27 09:27:20,26.83,47,C,2,9,27,2,43,10,2021
8860,2021-10-27 09:27:40,29.27,32,C,2,9,27,2,43,10,2021
8880,2021-10-27 09:28:00,33.36,16,D,3,9,28,2,43,10,2021
8900,2021-10-27 09:28:20,30.68,32,D,3,9,28,2,43,10,2021
8920,2021-10-27 09:28:40,30.57,44,D,3,9,28,2,43,10,2021
8940,2021-10-27 09:29:00,20.4,12,B,1,9,29,2,43,10,2021
8960,2021-10-27 09:29:20,36.06,32,D,3,9,29,2,43,10,2021
8980,2021-10-27 09:29:40,39.36,35,E,4,9,29,2,43,10,2021
9000,2021-10-27 09:30:00,40.52,26,E,4,9,30,2,43,10,2021
9020,2021-10-27 09:30:20,39.23,39,D,3,9,30,2,43,10,2021
9040,2021-10-27 09:30:40,38.42,47,D,3,9,30,2,43,10,2021
9060,2021-10-27 09:31:00,34.15,40,D,3,9,31,2,43,10,2021
9080,2021-10-27 09:31:20,34.04,43,D,3,9,31,2,43,10,2021
9100,2021-10-27 09:31:40,39.48,34,E,4,9,31,2,43,10,2021
9120,2021-10-27 09:32:00,36.57,32,D,3,9,32,2,43,10,2021
9140,2021-10-27 09:32:20,37.42,37,D,3,9,32,2,43,10,2021
9160,2021-10-27 09:32:40,33.8,46,D,3,9,32,2,43,10,2021
9180,2021-10-27 09:33:00,36.83,52,D,3,9,33,2,43,10,2021
9200,2021-10-27 09:33:20,37.08,41,D,3,9,33,2,43,10,2021
9220,2021-10-27 09:33:40,37.62,32,D,3,9,33,2,43,10,2021
9240,2021-10-27 09:34:00,39.46,33,E,4,9,34,2,43,10,2021
9260,2021-10-27 09:34:20,37.65,36,D,3,9,34,2,43,10,2021
9280,2021-10-27 09:34:40,36.88,49,D,3,9,34,2,43,10,2021
9300,2021-10-27 09:35:00,35.8,39,D,3,9,35,2,43,10,2021
9320,2021-10-27 09:35:20,32.77,39,D,3,9,35,2,43,10,2021
9340,2021-10-27 09:35:40,37.88,25,D,3,9,35,2,43,10,2021
9360,2021-10-27 09:36:00,36.08,42,D,3,9,36,2,43,10,2021
9380,2021-10-27 09:36:20,38.43,35,D,3,9,36,2,43,10,2021
9400,2021-10-27 09:36:40,37.01,44,D,3,9,36,2,43,10,2021
9420,2021-10-27 09:37:00,35.47,37,D,3,9,37,2,43,10,2021
9440,2021-10-27 09:37:20,37.85,21,D,3,9,37,2,43,10,2021
9460,2021-10-27 09:37:40,38.19,38,D,3,9,37,2,43,10,2021
9480,2021-10-27 09:38:00,38.22,38,D,3,9,38,2,43,10,2021
9500,2021-10-27 09:38:20,35.99,40,D,3,9,38,2,43,10,2021
9520,2021-10-27 09:38:40,32.11,34,C,2,9,38,2,43,10,2021
9540,2021-10-27 09:39:00,36.68,36,D,3,9,39,2,43,10,2021
9560,2021-10-27 09:39:20,35.37,21,D,3,9,39,2,43,10,2021
9580,2021-10-27 09:39:40,39.12,27,D,3,9,39,2,43,10,2021
9600,2021-10-27 09:40:00,37.53,26,D,3,9,40,2,43,10,2021
9620,2021-10-27 09:40:20,36.62,55,D,3,9,40,2,43,10,2021
9640,2021-10-27 09:40:40,35.1,42,D,3,9,40,2,43,10,2021
9660,2021-10-27 09:41:00,37.78,29,D,3,9,41,2,43,10,2021
9680,2021-10-27 09:41:20,36.41,28,D,3,9,41,2,43,10,2021
9700,2021-10-27 09:41:40,42.42,26,E,4,9,41,2,43,10,2021
9720,2021-10-27 09:42:00,37.99,32,D,3,9,42,2,43,10,2021
9740,2021-10-27 09:42:20,35.36,41,D,3,9,42,2,43,10,2021
9760,2021-10-27 09:42:40,31.88,35,D,3,9,42,2,43,10,2021
9780,2021-10-27 09:43:00,34.19,32,D,3,9,43,2,43,10,2021
9800,2021-10-27 09:43:20,38.8,24,D,3,9,43,2,43,10,2021
9820,2021-10-27 09:43:40,36.42,39,E,4,9,43,2,43,10,2021
9840,2021-10-27 09:44:00,37.93,47,D,3,9,44,2,43,10,2021
9860,2021-10-27 09:44:20,36.03,45,D,3,9,44,2,43,10,2021
9880,2021-10-27 09:44:40,37.97,38,D,3,9,44,2,43,10,2021
9900,2021-10-27 09:45:00,35.49,38,D,3,9,45,2,43,10,2021
9920,2021-10-27 09:45:20,34.6,28,D,3,9,45,2,43,10,2021
9940,2021-10-27 09:45:40,38.6,36,D,3,9,45,2,43,10,2021
9960,2021-10-27 09:46:00,35.99,40,D,3,9,46,2,43,10,2021
9980,2021-10-27 09:46:20,35.77,52,D,3,9,46,2,43,10,2021
10000,2021-10-27 09:46:40,35.87,39,D,3,9,46,2,43,10,2021
10020,2021-10-27 09:47:00,37.68,17,D,3,9,47,2,43,10,2021
10040,2021-10-27 09:47:20,42.35,28,D,3,9,47,2,43,10,2021
10060,2021-10-27 09:47:40,40.42,26,E,4,9,47,2,43,10,2021
10080,2021-10-27 09:48:00,40.32,49,E,4,9,48,2,43,10,2021
10100,2021-10-27 09:48:20,34.49,46,D,3,9,48,2,43,10,2021
10120,2021-10-27 09:48:40,35.11,42,D,3,9,48,2,43,10,2021
10140,2021-10-27 09:49:00,38.68,22,D,3,9,49,2,43,10,2021
10160,2021-10-27 09:49:20,38.26,24,D,3,9,49,2,43,10,2021
10180,2021-10-27 09:49:40,38.9,26,D,3,9,49,2,43,10,2021
10200,2021-10-27 09:50:00,36.76,44,D,3,9,50,2,43,10,2021
10220,2021-10-27 09:50:20,34.57,66,D,3,9,50,2,43,10,2021
10240,2021-10-27 09:50:40,35.8,29,D,3,9,50,2,43,10,2021
10260,2021-10-27 09:51:00,35.43,27,D,3,9,51,2,43,10,2021
10280,2021-10-27 09:51:20,36.86,31,D,3,9,51,2,43,10,2021
10300,2021-10-27 09:51:40,42.09,30,E,4,9,51,2,43,10,2021
10320,2021-10-27 09:52:00,34.7,41,D,3,9,52,2,43,10,2021
10340,2021-10-27 09:52:20,34.79,46,D,3,9,52,2,43,10,2021
10360,2021-10-27 09:52:40,36.16,37,D,3,9,52,2,43,10,2021
10380,2021-10-27 09:53:00,41.28,26,D,3,9,53,2,43,10,2021
10400,2021-10-27 09:53:20,38.95,34,D,3,9,53,2,43,10,2021
10420,2021-10-27 09:53:40,35.43,38,D,3,9,53,2,43,10,2021
10440,2021-10-27 09:54:00,36.68,48,D,3,9,54,2,43,10,2021
10460,2021-10-27 09:54:20,37.24,41,D,3,9,54,2,43,10,2021
10480,2021-10-27 09:54:40,35.06,24,D,3,9,54,2,43,10,2021
10500,2021-10-27 09:55:00,38.72,19,E,4,9,55,2,43,10,2021
10520,2021-10-27 09:55:20,38.69,20,D,3,9,55,2,43,10,2021
10540,2021-10-27 09:55:40,36.92,30,D,3,9,55,2,43,10,2021
10560,2021-10-27 09:56:00,37.95,36,D,3,9,56,2,43,10,2021
10580,2021-10-27 09:56:20,35.16,20,D,3,9,56,2,43,10,2021
10600,2021-10-27 09:56:40,36.49,31,D,3,9,56,2,43,10,2021
10620,2021-10-27 09:57:00,39.48,22,D,3,9,57,2,43,10,2021
10640,2021-10-27 09:57:20,39.84,42,E,4,9,57,2,43,10,2021
10660,2021-10-27 09:57:40,36.86,42,D,3,9,57,2,43,10,2021
10680,2021-10-27 09:58:00,36.73,46,D,3,9,58,2,43,10,2021
10700,2021-10-27 09:58:20,36.33,29,C,2,9,58,2,43,10,2021
10720,2021-10-27 09:58:40,33.55,24,D,3,9,58,2,43,10,2021
10740,2021-10-27 09:59:00,37.57,27,D,3,9,59,2,43,10,2021
10760,2021-10-27 09:59:20,39.64,24,D,3,9,59,2,43,10,2021
10780,2021-10-27 09:59:40,38.54,38,D,3,9,59,2,43,10,2021
